autores,titulo,ano,tipo,orientador,quantidade,local,numero,localizacao,idioma
"AB' SABER, Aziz Nacib",Geomorfologia do sítio urbano de São Paulo,1956,D,,1,São Paulo,17/1-2,Rua estranha,PT-BR
"AB' SABER, Aziz Nacib",Bases Geomorfológicas Para Estudo do Quaternário no Estado de São Paulo,1968,T,,2,São Paulo,18/1-2,Lorem ,PT-BR
"ABREU, Adilson Avansi de",Análise Geomorfológica: Reflexão e Aplicação (Uma contribuição ao conhecimento das formas de relevo do Planalto de Diamantina - MG),1982,LD,,1,São Paulo,16/1-2,Ipsum,PT-BR
"ABREU, Adílson Avansi de",A colonização agrícola holandesa no estado de São Paulo - Holambra I (contribuição à Geografia do povoamento do estado de São Paulo,1970,M,,2,São Paulo,13/01/2016,19832,PT-BR
"ALMEIDA, Elsione Elisa Ract de",A organização espacial do setor metropolitano ocidental de São Paulo,1975,D,,1,São Paulo,7/1-2,Texto grande ou nem tanto 1329,PT-BR
"ALVES, Neise Mare De Souza",Analise geoambiental e socioeconomica dos municipios costeiros do litoral norte do estado de Sergipe - Diagnostico como subsidio ao ordenamento e gestao do territorio,2009,D,Profa. Dra. Aracy Losano Fontes,1,Sao Paulo,12/1-2,1923,PT-BR
"ALVES, Neliane de Sousa",Mapeamento hidromorfodinâmico do complexo fluvial de Anavilhanas. Constribuição aos estudos de geomorfologia fluvial de rio amazônicos,2013,D,Prof. Dra. Cleide Rodrigues,1,São Paulo,,kasdjkasda,PT-BR
"ALVES, Ricardo Reis",Gênese e evolução da paisagem quaternária no médio São Francisco: Fatos e evidências na bacia do Rio Grande - Bahia,2011,D,Prof. Dr. Sílvio Carlos Rodrigues,1,Uberlândia,,,PT-BR
"AMARAL, Rosangela do","Unidades Ecodinâmicas: Um estudo de fragilidade ambiental aplicado à Bacia do Ribeirão Bonito e ao Parque Estadual do Morro do Diabo0, município de Tedoro Sampaio/SP",2005,M,Prof. Dr. Jurandyr L . S. Ross,2,São Paulo,,,PT-BR
"AMÉRICO, Jonathan",Conectividade insular: Um estudo da presença de Spartina alterniflora nas ilhas de Cananéia e comprida,2010,M,Prof. Dra. Sueli Angelo Furlan,1,São Paulo,,,PT-BR
"ANDRADE, Marcio Roberto M. de",Planejamento Ambiental da APA Cabuçu-Tanque Grande Guarulhos-SP,2009,D,Prof. Dr. Ailton Luchiari,1,São Paulo,,,PT-BR
"ANDRADE, Márcio Roberto M. de",Cartografia de Aptidão para Assentamento Urbano do Município de Guarulhos,1999,M,Prof. Dr. Flávio S. Rosa,1,São Paulo,,,PT-BR
"ANTUNES, Adriano de Souza",Fenômenos de precipitação pluvial intensa: análise de espacialidade e variabilidade na bacia hidrográfica do rio Piracicaba - SP,2015,M,Prof. Dr. Emerson Galvani,1,São Paulo,,,PT-BR
"ANTUNES, Roberto Luiz dos Santos",Análise integrada da paisagem com a aplicação do sensoriamento remoto na bacia hidrográfica do rio Botucaraí - Rio Grande do Sul,2016,D,Prof. Dr. Jurandyr Luciano Sanches Ross,1,São Paulo,,,PT-BR
"ARANTES, Fábio",Os resíduos sólidos domiciliares no município de Guarulhos: Análise das variáveis Eficiência e Sustentabilidade na gestão do Aterro Sanitário,2009,M,Prof. Dr. Luís Antonio Bittar Venturi,1,São Paulo,,,PT-BR
"BACANI, Vitor Matheus","Geotecnologias aplicadas ao ordenamento físico-territorial da bacia do alto rio Coxim, MS",2010,D,Prof. Dr. Ailton Luchiari,1,São Paulo,,,PT-BR
"BACCARO, Claudete Aparecida Dallevedone",Estudo dos processos Geomorfológicos de Escoamento Pluvial em Área de Cerrado - Uberlândia - MG,1990,D,Profa. Dra. Olga Cruz,1,São Paulo,,local da coluna 18,PT-BR
"BACCARO, Claudete Aparecida Dallevedove",Estudo dos processos geomorfológicos de escoamento pluvial em área de cerrado - Uberlândia / MG,1990,Doutorado,Profª. Drª. Olga Cruz,1,,,local da coluna 19,PT-BR
"BARBOSA, Estêvão José da Silva","Formação de georrelevos antrópicos na Amazônia: estudo de caso na rodovia Belém-Brasília (BR-010), Estado do Pará",2015,D,Prof. Dr. Adilson Avansi Abreu,1,São Paulo,,,PT-BR
"BARROS, Luiz Gustuvo Meira",Sobre o leito vacilante: mudanças na Geomorfologia fluvial em meados do século XX,2014,M,Prof. Dr. Antonio Carlos Colangelo,1,São Paulo,,,PT-BR
"BATRES, Vera Beatrz Kohler",A foz do Rio Itanhaém e áreas adjacentes - estudo de geomorfologia costeira,1978,Doutorado,Profª. Drª. Olga Cruz,1,,,,PT-BR
"BENÍCIO, Taís D'Aquino-",A água em São Paulo. Políticas públicas. Dinâmica Urbana. (Um estudo da bacia do Guarapiranga),1995,M,Profa. Dra. Maria Adélia de Souza,1,São Paulo,,,PT-BR
"BERTOLINI, William Zanete",A alta bacia do rio Piranga (MG): estudo geomorfológico a propósito da condição de equilíbrio do relevo,2015,D,Prof. Dr. Adilson Avansi Abreu,1,São Paulo,,,PT-BR
"BEU, Sandra Eliza",Análise socioambiental do complexo estuario-lagunar de Cananéia-Iguape e Ilha Comprida (SP): subsídios para o planejamento ambiental na região,2008,M,Profª. Dra. Sônia Maria Floes Gianesella,1,São Paulo,,,PT-BR
"BIANES, Lucília",A aplicação do indicador de sustentabilidade BAF no mapeamento de geótopos urbanos: um experimento para a Bacia Hidrográfica do Córrego Água Espraiada São Paulo - SP,2011,D,Prof. Dr. Jurandyr Luciano Sanches Ross,1,São Paulo,,,PT-BR
"BIELAVSKY, Mariana",Para onde cresce a cidade: Dinâmica de expansão urbana e caracterização urbano-ambiental em área da bacia do Guarapiranga,2006,M,Prof. Dr. Ailton Luchiari,1,São Paulo,,,PT-BR
"BLANES, Lucilia",Análise dos biótopos da bacia hidrográfica do córrego águas espraiadas - São Paulo-SP,2006,M,Prof. Dr. Jurandyr L. S. Ross,1,São Paulo,,,PT-BR
"BLANES, Lucilia",Análise dos Biôtopos da Bacia Hidrográfica do Córrego Águas Espraiadas - São Paulo - SP,2006,M,Prof. Dr. Jurandyr Luciano Sanches Ross,1,São Paulo,,,PT-BR
"BLANES, Lucília",Análise dos biótopos da bacia hidrográfica do córrego Águas Espraiadas - São Paulo-SP,2006,M,Prof. Dr. Jurandyr L. S. Ross,2,São Paulo,,,PT-BR
"BOCHICCHIO, Vincenzo R.",Intodução ao uso de um sistema classificatório pelo coeficiente de similaridade na análise de dados de área urbana obtidos por foto-interpretação - Ensaio Metodológico,1973,D,,1,São Paulo,,,PT-BR
"BORDEST, Suíse Monteiro Leon",Riscos Ambientais na Alta Bacia do Rio Coxipó - MT,1992,D,Prof. Dr. Antonio Christofoletti,1,Rio Claro,,,PT-BR
"BORSOI, Luis Fernando",Análise da fragilidade na bacia do Ribeirão Avecuia-SP,2002,M,Prof. Dr. Jurandyr L. S. Ross,2,São Paulo,,,PT-BR
"BOTELHO, Caio Lóssio",Geoclimorfologia no Tempo e no Espaço,1959,Tese Concurso Professor,,1,Ceará,,,PT-BR
"CABRAL, Ivaniza de Lourdes Lazzarotto",Capacidade de uso da Terra da Bacia Hidrográfica Areal Grande (Cacequi - RS),1998,M,Prof. Dr. Flávio Sammarco Rosa,1,São Paulo,,,PT-BR
"CAMPOS NETO, Mario da Costa","Contribution a l'etude des brasilides. Lithostratigraphie et Structure des groupes Canastra, Paranoa et Bambui dans L'Ouest - Nord-Ouest de L'Etat de Minas Gerais (Bresil)",1979,D,,1,Paris,,,PT-BR
"CAMPOS, Alfredo Borges de",Análise Morfoestrutural e cartografia geomorfológica na Bacia do Rio Candonga - Zona do Alto São Francisco - Arcos / MG (Dissertação e Apêndice 2),1998,M,Prof. Dr. Adilson A. Abreu,1,São Paulo,,,PT-BR
"CAMPOS, Waldir Wagner","Análise e mapeamento da estrutura da paisagem da Ilha Comprida, no litoral sul de São Paulo",2013,D,Profª. Drª. Sueli Angelo Furlan,1,São Paulo,,,PT-BR
"CAPELLARI, Benjamim","Aplicação de Geoindicadores na bacia do sistema hidrográfico Arantes - São Domingos, MG",2011,D,Prof. Dra. Lylian Coltrinari,1,São Paulo,,,PT-BR
"CARVALHO, Clébia Rodrigues de","Paisagem do Turismo em Porto Seguro: Criação, transformação e valorização",2008,M,Profª. Dra. Sueli Ângelo Furlan,1,São Paulo,,,PT-BR
"CARVALHO, Deborah Luciana Ribeiro de",Indicadores geomorfológicos de mudanças ambientais no sistema fluvial do alto Tietê(município de São Paulo): Pesquisa Documental,2006,M,Profª. Dra. Cleide Rodrigues,2,São Paulo,,,PT-BR
"CASSETI, Valter",Estudo dos efeitos morfodinâmicos pluviais no planalto de Goiânia,,Doutorado,Profª. Drª. Olga Cruz,1,,,,PT-BR
"CASTANHO, Leonardo R. A.","Análise dos Índices de produtividade pecuária exigidos pelo INCRA para as Microrregiões de Avaré e Bragança Paulista, e sua relação com o relevo",2008,M,Prof. Dr. Luis Antonio Bittar Venturi,1,São Paulo,,,PT-BR
"CASTRO, José Flávio Morais",Aplicação de um Sistema de Informação Geográfica na temática da Morfodinâmica: o Exemplo do Estudo da Bacia do Rio Mogi - Cubatão/SP,1993,M,Prof. Dr. Renato Herz,1,São Paulo,,,PT-BR
"CAVION, Renata",Cidade Sob(re) as Águas: Estratégias de Ação e de Políticas Urbanas,2014,D,Profª. Drª. Magda Adelaide Lombardo,1,São Paulo,,,PT-BR
"CERRI, Carlos Clemente","Contribuição ao estudo das arenas graníticas - caracterização mineralógica e química de uma topossequência da região de Itu, SP",1974,Mestrado,Profª. Drª. Olga Cruz,1,,,,PT-BR
"CERRI, Carlos Clemente","Contribuição ao Estudo das Areias Graníticas (caracterização mineralógica e Química de uma toposseqüência da região de Itu, SP)",1974,M,Prof. Dr. Adolpho José Melfi,1,São Paulo,,,PT-BR
"CHRISTOFOLETTI, Antônio",Memorial,1978,Memorial,Prof. Dr. Antônio Christofoletti,1,São Paulo,,,PT-BR
"CICCO, Valdir de","Determinação da evapotranspiração pelos métodos dos balanços hídrico e de cloreto e a quantificação da interpretaçào das chuvas na Mata Atlântica: São Paulo, SP e Cunha, SP",2009,D,Prof. Dr. Emerson Galvani,1,São Paulo,,,PT-BR
"CICIVIZZO, Vitalina Pagliuca",Relatório de atividades para exame de qualificação de mestrado,1986,Qualificação de mestrado,Prof. Dr. José Luiz de Morais,1,,,,PT-BR
"CLARO, Mariana Sgarbi","Unidades Morfológicas Complexas na bacia hidrográfica do Córrego da Tapera, São Paulo, SP: Contribuições ao planejamento urbano e ambiental",2013,M,Profa. Dra. Cleide Rodrigues,1,São Paulo,,,PT-BR
"COLANGELO, Antonio Carlos",Geomorfossíntese e Geomorfocinemática Aplicadas à Evolução e Estabilidade de Vertentes,2007,LD,,1,São Paulo,,,PT-BR
"COLTRINARI, Lylian",Contribuição à Geomorfologia da Região de Guaratinguetá - Aparecida,1973,D,Prof. Dr. Aziz Nacib Ab' Saber,1,São Paulo,,,PT-BR
"Conicelli, Bruno Pirilo",Gestão das aguas subterrâneas transfronteiricas: O caso do sistema Aquifero guarani,2009,M,Prof. Dr. Wagner Costa Ribeiro,1,São Paulo,,,PT-BR
"CORTEZ, Ana Tereza Caceres",Contribuição ao Estudo das Matas Ciliares: o Exemplo da Porção Meridional da APA de Corumbataí - SP,1991,D,Prof. Dr. Adilson A. Abreu,1,São Paulo,,,PT-BR
"COSTA, Renê",Impactos sobre remanescentes florestais de mata atlântica na região metropolitana de São Paulo: um estudo de caso da mata da Fazenda Tizo,2006,M,Profª. Dra. Sueli Angelo Furlan,2,São Paulo,,,PT-BR
"COSTA, Wanderley Messias ",Memorial,2007,Memorial,Prof. Dr. Wanderley Messias da Costa,1,São Paulo,,,PT-BR
"CRUZ-JUNIOR, Francisco William da","Aspectos geomorfológicos e geoespeleologia do Carste da Região de Iraquara, Centro- Norte da Chapada Diamantina, Estado da Bahia",1998,M,Prof. Dr. Ivo Karmann,1,São Paulo,,,PT-BR
"CRUZ, Olga",A serra do mar e o litoral na área de Caraguatatuba - SP. Contribuição à geomorfologia litorânea tropical,1972,D,Prof. Dr. Aziz Nacib Ab'Saber,2,São Paulo,,,PT-BR
"CUNHA, Bernardo Cristóvão Colombo da",Impactos Socio-Ambientais Decorrentes da Ocupação da planície de Inundação do Ribeirão Anicuns: O caso da Vila Roriz,2000,M,Prof. Dr. Valter Casseti,1,Goiânia,,,PT-BR
"CUNHA, Cenira Maria Lupinacci da",Quantificação e mapeamento das perdas de solo por erosão com base na malha fundiária,1997,M,Prof. Dr. Miguel Cézar Sanchez; Profa. Dra. Iandara Alves Mendes,1,Rio Claro,,,PT-BR
"CUSTÓDIO, Vanderli",Apropriação dos recursos hídricos e o abastecimento de água na região metropolitana de São Paulo (RMSP),1994,M,Prof. Dr. Manoel Fernandes Gonçalves Seabra,1,São Paulo,,,PT-BR
"DA SILVA, Juarez Jose",Proposta metedológica para análise da capidade de carga de praias: Estudo de caso em três praias do Guarujá (São Paulo),2012,M,Prof. Dr. Celia Regina de Gouveia Souza,1,São Paulo,,,PT-BR
"De Aguiar, Alexandre Marques",Analise hidrogeomorfologicas e hidrossedimentologicas para comparacão,2009,M,Profa. Dra. Cleide Rodrigues,1,São Paulo,,,PT-BR
"DE AGUIAR, Karina Barbosa","Análise da abordagem geomorfológica em Estudos de Impactos Ambientais (EIAs) de projetos hidrelétricos apresentados ao Instituto Brasileiro do Meio Ambiente e dos Recursos Naturais Renováveis (IBAMA), no período de 1993 a 2014",2015,M,Prof. Dr. Antonio Carlos Colangelo,1,São Paulo,,,PT-BR
"DE ANDRADE, Marcio Roberto M.",Planejamento Ambiental da APA Cabucu- Tanque Grande Guarulhos-SP,2009,D,Prof. Dr. Ailton Luchiari,1,São Paulo,,,PT-BR
"DE ARAUJO, Wellison Tatagiba",Evoluçao urbana e dinamica da paigem em setores perifericos da metrópole Paulistana: O caso de taboao da Serra-SP,2010,D,Prof. Dr. Adilson Avansi de Abreu,1,São Paulo,,,PT-BR
"DE JESUS, Bruna Luiza Pereira","A relação entre a tempetura radiométrica de superfície (Land Surface Temperature - LST), índice de vegetação (Normalized Diference Vegetation Index - NDVI) e os diferentes padrões de uso da terra do município de São Paulo - SP",2015,M,Profª. Drª. Magda Adelaide Lombardo,1,São Paulo,,,PT-BR
"DE LIMA, Gabriela Narcizo",O desafio da manutenção do abastecimento hídrico na região metropolitana de São Paulo: busca por uma gestão sustentável,2015,D,Prof°. Dra. Magda Adelaide Lombardo,1,São Paulo,,,PT-BR
"De Melo, Marcos Antonio",Indicadores geoambientais como instrumento de avaliação e monitoramento aos projetos de zoneamento ecológico-econômico no Brasil,2015,D,Prof. Dr. Jurandyr Luciano Sanches Ross,1,São Paulo,,,PT-BR
"De Melo, Marcos Antonio",Mapeamento de biotopos: Instrumento para o fomento da qualidade ambiental,2009,M,Profa. Dra. Sueli Ângelo Furlan,1,São Paulo,,,PT-BR
"DE OLIVEIRA, Jaime",Aplicação de tecnicas cartograficas no estudo de uso da terra: bacia do Rio Claro - Londrina (PR),1993,M,Prof. Dr. Mario de Biasi,1,São Paulo,,,PT-BR
"DE OLIVEIRA, Regina Celia",Zoneamento Ambiental como subsidio para o planejamento de uso e ocupacõa do solo do municipio de corumbatai- SP,2003,D,Prof. Dr. Miguel Cesar Sanchez,1,Rio Claro,,,PT-BR
"DE SOUSA, Flávio Alves","A contribuição dos solos originados sobre granitos e rochas alcalinas na condutividade hidráulica, na recarga do lençol freático e na suscetabilidade erosiva - Um estudo de caso na alta bacia hidrográfica do Rio dos Bois em Iporá - GO",2013,D,Prof. Dr. Sílvio Carlos Rodrigues,1,Uberlândia,,,PT-BR
"DEL PRETTE, Marcos Estevan",Apropriação de Recursos hídricos e conflitos sociais: a gestão das áreas de proteção aos mananciais da Região Metropolitana de São Paulo,2000,D,Prof. Dr. Francisco Capuano Scarlato,1,São Paulo,,,PT-BR
"DETONI, Sandro Francisco","Mineração e preservação ambiental da área natural tombada da Serra do Boturuna, Estado de São Paulo",2008,M,Prof. Dr. Yuri Tavares Rocha,1,São Paulo,,,PT-BR
"DO NASCIMENTO, Marilene Dias",Fragilidade ambiental e expansão urbana da regiào administrativa nordeste da sede do municipio de Santa Maria-RS,2009,M,Prof. Dr. Bernardo Sayão Penna e Souza,1,São Paulo,,,PT-BR
"DOMINGUES, Ivonete de Almeida Souza",Variabilidade climatica e sua influencia na produtividade da cultura da cana-de-açucar na regiao norte e noroeste do Paraná,2010,D,Prof. Dr. Emerson Galvani,1,Sào Paulo,,,PT-BR
"DOS SANTOS, Michelle Odete do Santos",Análise de estabilidade de vertentes por meio da utilização dos métodos de Feições Mínimas do relevo e Fator de Segurança,2015,M,Prof. Dr. Antonio Carlos Colangelo,1,São Paulo,,,PT-BR
"ESTAIANO, João Claudio","Impactos da Mineração de Areia em Planícies Fluviais Meândricas da Bacia Hidrográfica do Alto Tietê: O caso do Rio Embu-Guaçu, São Paulo-SP",2007,M,Profª. Drª. Cleide Rodrigues,1,São Paulo,,,PT-BR
"FALCÃO, Cleire Lima da Costa",A Dinâmica Erosiva do Escoamento Pluvial em Área de Depressão Sertaneja e de Maciço Residual no Semi-Árido Cearense,2008,D,Prof. Dr. Adilson Avansi de Abreu,1,São Pauloo,,,PT-BR
"FALK, Florisvaldo Henrique",Compartimentação geomorfológica e estruturação da paisagem  no baixo Jaguaripe - BA,1992,D,Prof. Dr. José Bueno Conti,1,São Paulo,,,PT-BR
"FARINACCIO, Alessandro","Impactos na Dinâmica Costeira Decorrentes de Intervenções em praias arenosas e canais estuarinos de áreas densamente ocupadas no litoral de São Paulo, uma Aplicação do Conhecimento a Áreas não Ocupadas",2008,D,Prof. Dr. Moysés Gonsalez Tessler,1,São Paulo,,,PT-BR
"FAUSTINO, Ricardo Fernandes",O turismo em espaço rural como modo de valorização do patrimônio cultural (estudo de caso na média depressão periférica paulista: as fazendas Capoava e Ibicaba),2006,D,Prof. Dr. Adilson Avansi de Abreu,1,São Paulo,,,PT-BR
"FÁVERO, Oriana Aparecida",Paisagem e Sustentabilidade na Bacia Hidrográfica do Rio Sorocaba (SP),2007,D,Prof. Dr. Mário de Biasi,1,São Paulo,,,PT-BR
"FEITOSA, Antônio Cordeiro",Dinâmica dos processos geomorfológicos da área costeira a nordeste da Ilha do Maranhão,1996,D,Prof. Dr. Antônio Christofoletti,1,Rio Claro,,,PT-BR
"FELGUEIRAS, Carlos Eduardo","Saneamento ambiental e urbanização: Levantamento e Análise da Qualidade das Águas na Sub-Bacia Hidrográfica do Córrego da Água Branca, Ilhabela, São Paulo",2006,M,Profª. Dra. Sueli Angelo Furlan,1,São Paulo,,,PT-BR
"FERNANDES, Maria Lidia Bueno",A Prática Educativa e o Estudo do Meio: O Amapá como estudo de caso na construção do conceito de sustentabilidade,2008,D,Profª. Dra. Magda Lombardo,1,São Paulo,,,PT-BR
"FERNANDES, Zelita Azevedo Santana",Caracteres físicos da Bacia Superior do Rio Paraguaçu. Enfoque sobre o traçado do rio entre Itaete e Iaçu,1977,Mestrado,,1,,,,PT-BR
"FERREIRA, Ana Rosa","Geomorfologia, geodiversidade e análise da fragilidade ambiental das paisagens do Parque Estadual Serra Ricardo Franco, MT-Brasil",2014,D,Prof. Dr. Jurandyr Luciano Sanches Ross,1,São Paulo,,,PT-BR
"FERREIRA, Renata Diniz",Os manguezais da Baía de Vitória: um estudo de Geografia Física integrada,1989,Doutorado,Prof. Dr. Augusto Humberto V. Titarelli,1,,,,PT-BR
"FIERZ, Marisa de Souto Matos","A influência Humana na Paisagem , nos processos erosivos e deposicionais da área costeira: uma contribuição à dinâmica ambiental em Bertioga - SP",2001,M,Prof. Dr. Moysés Gonsalez Tessler,1,São Paulo,,,PT-BR
"FIERZ, Marisa de Souto Matos",aS Abordagens sistemica e do equilibrio Dinâmico na Analise da Fragilidade Ambiental : Uma contribuição a Geomorfologia das Planícies Costeiras,2008,D,Prof. Dr. Jurandyr Luciano Sanches Ross,1,São Paulo,,,PT-BR
"FILHO, Archimedes Perez",Análise estrutural da Bacia do São José dos Dourados / SP,1977,Mestrado,Profª. Drª. Olga Cruz,1,,,,PT-BR
"FONSECA, Gizelle Prado da Silva",Formas de relevo e os materiais de superfície no Pantanal de Poconé - MT,2015,D,Prof. Dr. Jurandyr Luciano Sanches Ross,1,São Paulo,,,PT-BR
"FONSECA, Gizelle Prado da Silva",Análise da Poluição Difusa na Bacia do Rio Teles Pires com Técnicas de Geoprocessamento,2006,M,Prof. Dr. Peter Zeilhofer,1,Cuiabá,,,PT-BR
"FONSECA, Izabel A . Zimermann",Uma revisão dos EIA/RIMA sobre manguezais,1995,M,Profa. Dra. Yara Schaeffer-Novelli,1,São Paulo,,,PT-BR
"FONTES, Aracy Losano",Caracterização geoambiental da Bacia do Rio Japaratuba (SE),1997,D,Prof. Dr. Antônio Christofoletti,1,Rio Claro,,,PT-BR
"FORTES, Mircia Ribeiro","A Distribuição Espacial da Vegetação nas Feições Geomorfológicas da Ilha da Marchantaria: Planície do Rio Amazonas, AM/Brasil",2014,D,Prof. Dr. Antonio Carlos Colangelo,1,São Paulo,,,PT-BR
"FRAISOLI, Camila","Valorização do Espaço e Fragilidade Ambiental: O Caso da Construção do Meio Ambiente Urbano da Bacia do Córrego Santo Antônio, Mogi Mirim (SP).",2005,M,Prof. Dr. Antonio Carlos Vitte,1,São Paulo,,,PT-BR
"FRANCA, Heber Christiane Antunes","Vulnerabilidade e sustentabilidade natural da paisagem da Baía do Iguape, Cachoeira, BahiaVulnerabilidade e sustentabilidade natural da paisagem da Baía do Iguape, Cachoeira, Bahia",2010,D,Prof. Dr. Jurandyr L.S. Ross,1,Curitiba,,,PT-BR
"FREITAS, Carlos Geraldo Luz de",Cartografia Geotécnica de planejamento e gestão territorial: proposta teórica e metodológica,2000,D,Prof. Dr. Adílson Avansi de Abreu,1,São Paulo,,,PT-BR
"FUJIMOTO, Nina Simone V. Moura",Análise ambiental urbana na área metropolitana de Porto Alegre - RS: Sub-bacia hidrográfica do arroio dilúvio,2001,D,Prof. Dr. Jurandyr L . S. Ross,1,São Paulo,,,PT-BR
"FUJIMOTO, Nina Simone Vilaverde Moura",Análise geomorfológica de Itapuã - RS: Contribuição ao conhecimento da margem norte da Lagoa dos Patos,1994,M,Prof. Dr. Jurandyr L. S. Ross,1,São Paulo,,,PT-BR
"FURIAN, Sonia","Morphogenese / Pedogenese en milieu Tropical Humide de la serra do mar, Bresil: Contribution de l'alteration et de la pedogenese a une dynamique actuelle de Glissement",1994,D,,1,Caen,,,PT-BR
"FURLAN, Adriana Aparecida",Falásias na Formação Barreiras : análise regional e proposta tipológica,2014,D,Prof. Dr. Antonio Carlos Colangelo,1,São Paulo,,,PT-BR
"FURLAN, Sueli Angelo",Lugar Cidadania: Implicações socioambientais das politicas de conservação ambiental,2000,D,Prof. Dr. Augusto Humberto Vairo Titarelli,2,São Paulo,,,PT-BR
"FURLANI, Geraldo Majella",Estudo geomorfológico das Boçorocas de Casa Branca,1980,M,Prof. Dr. Augusto Humberto Vairo Titarelli,1,Casa Branca,,,PT-BR
"FURRIER, Maw",Caracterização geomorfológica e do meio físico da folha João Pessoa - 1: 100.000,2007,D,Prof. Dr. Jurandyr Luciano Sanches Ross,1,São Paulo,,,PT-BR
"FURRIER, Max",Análise ambiental e cartografia geomorfológica do município de Jacutinga-MG,2002,M,Prof. Dr. Jurandyr L. S. Ross,1,São Paulo,,,PT-BR
"GAFFO, Leandro",Mitos e Ritos na relação Homem - Natureza: um caso - A Ocupação da Cratera de Colônia - Parelheiros - São Paulo,1998,M,Prof. Dr. Jurandyr L. S. Ross,1,São Paulo,,,PT-BR
"GALLO JUNIOR, Humberto",Sobreposição de territórios e gestão de unidades de conservação de proteção integral: Estudo aplicado a UC´s do Estado de São Paulo,2005,D,Prof. Dr. José Bueno Conti e Prof. Dr. Felisberto Cavalheiro (In Memorian),1,São Paulo,,,PT-BR
"GALLO, Jaques",Corpos de deriva e tendência de circulação de superfície das águas sobre a margem continental da costa sul e sua correlação às condicionantes ambientais,1988,Doutorado,Prof. Dr. Renato Herz,1,,,,PT-BR
"GARCIA, José Paulo Marsola",Análise geomorfológica de distribuição espacial da vegetação na planície litorânea de Picinguaba (Ubatuba - SP),1995,M,Prof. Dr. Jurandyr L. Sanches Ross,1,São Paulo,,,PT-BR
"GARCIA, José Paulo Marsola.",A Geomorfologia Como Instrumento de Identificação de Unidades Físico-Naturais em Florestas Úmidas...,2000,D,Prof. Dr. Jurandyr Luciano Sanches Ross,1,São Paulo,,,PT-BR
"GIMENES, Ana Cristina Wigneron","Estudo da Morfologia, Materiais e Processos em uma Estrutura de Relevo Cristalina: ""Mestre Álvaro"", Município Serra, ES, Brasil",2001,M,Prof. Dr. Adilson Avansi de Abreu,1,São Paulo,,,PT-BR
"GIROLDO, Larissa","Terracetes de pisoteio de gado e mudanças morfo-pedológicas em vertente amostral na bacia hidrográfica do rio Jacareí, Serra da Mantiqueira - SP",2013,M,Profa. Dra. Cleide Rodrigues,1,São Paulo,,,PT-BR
"GOES, Maria Hilde de Barros",Diagnóstico ambiental por geoprocessamento do município de Itaguaí (RJ) Vol. I e II,1994,D,,1,Rio Claro,,,PT-BR
"GOLDENSTEIN, Léa",Estudo de um centro industrial satélite: Cubatão,1970,D,Prof. Dr. Pasquale Petrone,1,São Paulo,,,PT-BR
"GOMES, Marcelo Moreira",Expansão urbna e impacto ambiental na Bacia hidrográfica do Rio jacaré - RJ,2000,M,Prof. Dr. Eduardo Yázigi,1,São Paulo,,,PT-BR
"GOMES, Marcelo Moreira",Expansão Urbana e Impacto Ambiental na Bacia Hidrográfica do Rio Jacaré - RJ,2000,M,Prof. Dr. Eduardo Yázigi,1,São Paulo,,,PT-BR
"GONÇALVES, Diego Lustre ",Monitoramento de Áreas de Proteção Ambiental através de Indicadores de Sustentabilidade,2014,M,Prof. Dr. Luis Antonio Bittar Venturi,1,São Paulo,,,PT-BR
"GONTIJO, Ambrosina Helena Ferreira","Morfotectônica do Médio Vale do Paraíba do Sul: Região da Serra da Bocaina, Estados de São Paulo e Rio de Janeiro",1999,D,Prof. Dr. Yociteru Hasui,1,Rio Claro,,,PT-BR
"GONTIJO, Ambrosina Helena Ferreira.",O Relevo da Serra do Cipó - MG. Espinhaço Meridional,1993,M,Prof. Dr. Jurandyr L. Sanches Ross,1,São Paulo,,,PT-BR
"GOULART, Antônio Celso de Oliveira",Geomorfologia da Bacia hidrográfica do Ribeirão do Pinhal - Município de Limeira - SP,1999,M,Prof. Dr. Adilson Avansi de Abreu,2,São Paulo,,,PT-BR
"GOUVEIA, Isabel Cristina Morroz-Caccia",Da originalidade do sitio urbano de São Paulo as formas antropicas: aplicaçao da abordagem da geomorfologia Antropogenica na bacia hifrografica do Rio Tamanduatei na regiao Metropolitana de São Paulo,2010,D,Profª. Dra. Cleide Rodrigues,1,São Paulo,,,PT-BR
"GOUVEIA, José Mariano Caccia","""Análise ambiental urbana: Sub-bacias do córrego Marmedeiro e Alto do Ribeirão Moinho Velho - Cotia/Embú - SP""",2000,M,Prof. Dr. Jurandyr L. S. Ross,1,São Paulo,,,PT-BR
"GOUVEIA, José Mariano Caccia",A metrica da sustentabilidade na perspectiva da geografia:aplicaçao do Painel da Sustentabilidade na comunidade Quilombola do Mandira-Cananéia/SP,2010,D,Prof. Jurandyr Luciano Sanches Ross,1,São Paulo,,,PT-BR
"GRATÃO, Lúcia Helena Batista",Geomorfologia e áreas urbanas. O processo de urbanização e o processo de produção do relevo da Zona leste de Goiânia,1992,M,Prof. Dr. José Bueno Conti,1,São Paulo,,,PT-BR
"GROSSI, Suely Regina del",As bases geomorfológicas da paisagem do planalto de Monte Alto / SP,1982,Mestrado,Profª. Drª. Olga Cruz,1,,,,PT-BR
"GROSSI, Suely Regina Del",De Uberabinha a Uberlândia: Os Caminhos da Natureza. Contribuição ao Estudo da Geomorfologia Urbana,1991,D,Prof. Dr. Adilson A.  Abreu,2,São Paulo,,,PT-BR
"GUEDES, Hermínia Silva","Paisagens de Serranias, Araucárias e Águas Minerais. Um Estudo da Bacia Hidrográfica do Passa Quatro - MG",1999,M,Prof. Dr. José Bueno Conti,1,São Paulo,,,PT-BR
"GUTJAHR, Mirian Ramos",Critérios Relacionados a Compartimentação Climática de Bacias Hidrográficas: A Bacia do Rio Ribeira de Iguape,1993,M,Prof. Dr. José Roberto Tarifa,1,São Paulo,,,PT-BR
"HENRIQUE, Wendel",Zoneamento Ambiental: uma abordagem geomorfológica,2000,M,Prof. Dr. Maria Isabel C. de Freitas Viadana,1,Rio Claro,,,PT-BR
"HERRMANN, Maria Lúcia de Paula",Problemas Ambientais na faixa central do Litoral Catarinense,1998,D,Prof. Dr. Augusto Humberto Vairo Titarelli,1,São Paulo,,,PT-BR
"HERZ, Renato",Circulação das águas de superfície da Lagoa dos Patos,1977,D,Prof. Dr. José Queiroz Neto,1,São Paulo,,,PT-BR
"ISHIZUKA, Eliana J.",Processos erosivos na Bacia do Córrego Matadouro Velho no Município de Franca,2008,M,Prof. Dr. Luis Antonio Bittar Venturi,1,São Paulo,,,PT-BR
"JORDÃO, Silvia",A mineração nos municípios de Guarulhos e Mairiporã - SP: aspectos geomorfológicos aplicados à sua organização e desenvolvimento,1991,Mestrado,Profª. Drª. Olga Cruz,1,,,,PT-BR
"JORDÃO, Sílvia",A contribuição da Geomorfologia para o conhecimento da fitogeografia nativa do estado de São Paulo e da representatividade das Unidades de Conservação de Proteção Integral,2011,D,Prof. Dr. Antonio Carlos Colangelo,1,São Paulo,,,PT-BR
"JUNIOR , Francisco de Assis Gonçalves ",Paisagem e Sustentabilidade Urbana: O Papel dos Loteamentos Fechados e Condominios Horizontais em Vinhedo - SP,2014,D,Prof. Dr. Luis Antonio Bittar Venturi,1,São Paulo,,,PT-BR
"JÚNIOR, Macário Protázio Costa Júnior",Interações morfo-pedogenéticas nos sedimentos do grupo Barreiras e nos leques aluviais pleistocênicos no litoral norte do Estado da Bahia - Municipio de Conde,2008,D,Prof. Dr. Geraldo da Silva Vilas Boas,1,Salvador,,,PT-BR
"JUNIOR, Sergio Serafini",O microclima de uma vereda degradada: estudo de caso no parque Estadual Veredas do Peruaçu,2009,RQ,Prof. Dr. Emerson Galvani,1,São Paulo,,,PT-BR
"JURG, Daniel Roberto",Inadequações do zoneamento ecológico-econômico no município de São Sebastião - SP,2014,M,Prof. Dr. Luis Antonio Bittar Venturi,1,São Paulo,,,PT-BR
"KARFUNKEL, J., KARFUNKEL, B. ",Frazielle Entwicklung der mittleren Espinhaço-Zone mit besonderer Berücksichtigung des Tillit-Problems (Minas Gerais/Brasilien),1975,Dissertação,,1,Albert-Ludwigs-Universität Freiburg i. Br.,,,PT-BR
"KAWAKUBO, Fernando Shinji",Representações gráficas do relevo e álgebra de mapas: aplicações no estudo da fragilidade ambiental,2005,M,Prof. Dr. Ailton Luchiari,1,São Paulo,,,PT-BR
"KAWAKUBO, Fernando Shinji","Metodologia de classificaçao de imagens multiespectrais aplicada ao Mapeamento do Uso da Terra e Cobertura Vegetal na Amazônia: Exemplo de Caso na Região de São Félix do Xingu, Sul do Pará",2010,D,Prof. Dr. Ailton Luchiari,1,São Paulo,,,PT-BR
"KAWATA, Leonardo Takei",Análise de Imagens Baseada em Objetos Geográficos (Geobia) Aplicada ao Mapeamento da Transição entre Cinturão Orogênico do Atlântico e Bacia Sedimentar do Paraná,2014,M,Prof. Dr. Jurandyr Luciano Sanches Ross,1,São Paulo,,,PT-BR
"KÖHLER, Véra Beatriz",De Pontal do Sul à Praia de Leste / SP. Estudo de Geomorfologia Costeira,1996,D,Prof. Dr. Adilson A. Abreu,1,São Paulo,,,PT-BR
"KUX, H. ","Geologische, geomorphologische und sedimentologische Untersuchungen bei Diamantina, Serra do Espinhaço, Minas Gerais, Brasilien",1976,T,"Prof. Dr. W. Wimmenauer,Prof. Dr. R. Pflug, Prof. Dr. H. Genser",1,"Univ. Freiburg, Freiburg",,,PT-BR
"LAHORGUE, Mário Leal",Espaço e planejamento urbano. Introdução ao estudo de Porto Alegre (RS),1997,M,Prof. Dr. Francisco Capuano Scarlato,1,São Paulo,,,PT-BR
"LAUTERT, Luiz Fernando de Carli","Análise morfodinamica e das águas nas bacias costeiras dos rios Nhundiaquara e Marumbi, no litoral do Paraná",2010,D,Prof. Dr. Jurandyr  Luciano Sanches Ross,1,São Paulo,,,PT-BR
"LEAL, Pedro Carignato Basilio",Mapeamento de perigo de escorregamento na bacia hidrográfica do Rio Grande de Ubatuba (SP): Comparação dos métodos analítico e sintético,2014,M,Prof. Dr. Alfredo Pereira de Queiroz Filho,1,São Paulo,,,PT-BR
"LEME, Sueli Mançanares","Relevo, Processos Geoecológicos e Sócio/Reprodutores e a Fragilidade Ambiental da Bacia do Ribeirão Piracicamirim/SP",2007,D,Prof. Dr. Adilson Avansi de Abreu,1,São Paulo,,,PT-BR
"LEMOS, Amalia Inés Geraiges de",Memorial,1997,Memorial apresentado ao concurso para Professor/a Titular junto ao DG FFLCH USP,,1,São Paulo,,,PT-BR
"LEMOS, Amalia Inés Geraiges de",Cotia e sua participação no conjunto da faixa periférica da metrópole paulistana,1972,M,,1,São Paulo,,,PT-BR
"LISTO, Fabrizio de Luiz Rosito",Propriedades Geotécnicas dos Solos e Modelagem Matemática de Previsão a Escorregamentos Translacionais Rasos ,2015,D,Profª. Drª. Bianca Carvalho Vieira,1,São Paulo,,,PT-BR
"LUCAS, Maria de Lourdes G.","Da Serra dos Tapes á Laguna dos Patos, uma contribuição ao conhecimento geomorfológico em borda de maciço antigo",1983,Mestrado,Profª. Drª. Olga Cruz,1,,,,PT-BR
"MAACK, Reinhard",Geologia e Geografia Física da Bacia Hidrográfica do Rio de Contas no Estado da Bahia,1962,Tese para Concurso de Cátedra,,1,Paraná,,,PT-BR
"MACHADO, Ana Lydia","Análise da cobertura vegetal de um manguezal impactado por óleo, canal de Bertioga, Estado de São Paulo",1992,M,Prof. Dr. Jurandyr L. Sanches Ross,1,São Paulo,,,PT-BR
"MACHADO, Lucy Marion Calderini Philadelpho",A estrutura hortoniana de bacias hidrográficas do planalto paulistano e das escarpas da Serra do Mar,1979,Mestrado,Profª. Drª. Olga Cruz,1,,,,PT-BR
"MACHADO, Lucy Marion Calderini Philadelpho",A Serra do Mar Paulista: um estudo de paisagem valorizada,1988,Doutorado,Profª. Drª Lívia de Oliveira,1,,,,PT-BR
"MADRUGA, Lígia Camargo",Processo de Ocupação do Município de Jauru - MT,1992,Mon,,1,Cuiabá,,,PT-BR
"MAGALHÃES, L. Z. de",Problemas Ambientais de uma cidade média de Mato Grosso,2008,M,Prof. Dr. Hugo José Scheuer Werle,1,São Paulo,,,PT-BR
"MAMEDE, Lindinalva",Análise e Interpretação Geomorfológica da Bacia do Córrego Taquara - DF,1999,D,Prof. Dr. Augusto H. V. Titarelli,1,São Paulo,,,PT-BR
"MANZIONE, Rodrigo Lilla",Análise de séries temporais aplicada ao monitoramento do nível freático em área de preservação,2016,LD,,1,Ourinhos,,,PT-BR
"MARCON, Adistão",A região polarizada por Sorocaba,1973,Doutorado,,1,,,,PT-BR
"MARTINS, Cristina Célia","Variações Morfológicas e Sedimentares de Curto Período em Perfis Praiais, Praia da Bertioga - SP",2000,M,Prof. Dr. Michel Michaelovich de Mahiques,1,SãoPaulo,,,PT-BR
"MARTINS, Elisângela Rosemeri Curti",Análise de Perdas de Sedimentos Conforme as Diferentes Estações do ano na sub-bacia do Arroio Itambé em São Martinho da Serra/RS,2007,M,Prof. Dr. Mário de Biasi,1,São Paulo,,,PT-BR
"MARTINS, Larissa Fernanda Vieira","Monitoramento de Parques Urbanos de Vale: Análise das Funções de Conservação e Uso Público - Estudos de Casos Múltiplos em Curitiba, Paraná",2014,D,Prof. Dr. Luis Antonio Bittar Venturi,1,São Paulo,,,PT-BR
"MASSA, Eric Macedo",Estudo Comparativo entre dois Modelos Geomorfológicos Aplicados na Serra da Cantareira: Bacia do Córrego do Bispo,2008,M,Prof. Dr. Luis Antonio Bittar Venturi,1,São Paulo,,,PT-BR
"MATEUS, Rosiane da Silva",Modelo hidrologico da Bacia Hidrografica da represa Guarapiranga-São Paulo(SP),2006,M,Prof. Dr. Tarik Rezende de Azevedo,1,São Paulo,,,PT-BR
"MATOS, Luzia de Jesus",A vulnerabilidade das construções às corridas de detritos na bacia experimental do rio Guaxinduba - município de Caraguatatuba - SP,2014,M,Profª. Drª. Bianca Carvalho Vieira,1,São Paulo,,,PT-BR
"MATTOS, Dirceu Lino de ",Região da Baixa Mogiana - Contribuição ao estudo da geografia agrária do ponto de vista do uso da terra,1959,Tese de doutorado para concurso professor FEA-USP,,1,São Paulo,,,PT-BR
"MATTOS, Isabel Fernades de Aguiar",A Fisionomia Vegetal e suas relação com o meio Físico na Definição das Unidades de Paisagem na Alta Bacia do Rio Turvo - SP,1994,M,Prof. Dr. Jurandyr  L. S. Ross,1,São Paulo,,,PT-BR
"MATTOS, Juércio Tavares de",Caracterização do comportamento geológico-estrutural na região da represa de Furnas (MG) com dados de sensoriamento remoto,1986,Doutorado,Profª. Drª. Olga Cruz,1,,,,PT-BR
"MAURO, Claudio Antônio de","Voçorocas: marcas das relações sociedade-natureza na Bacia do Monjolinho, São Carlos - SP",1989,Doutorado,Profª. Drª. Olga Cruz,1,,,,PT-BR
"MAZZEI, Katia",Corredores de Fauna na Região Cantareira-Mantiqueira: Evidências Geográficas,2007,D,Profa. Dra. Sueli Ângelo Furlan,1,São Paulo,,,PT-BR
"MAZZEI, Kátia",Manejo de unidades de conservação em áreas urbanas. Parque estadul da Cantareira: Discussão para incorporação de novas áreas,1999,M,Prof. Dr. José Roberto Tarifa,1,São Paulo,,,PT-BR
"MEDEIROS, José Simeão de",Banco de dados geográficos e redes neurais artificiais: Tecnologias de apoio à gestão do território,1999,D,Profa. Dra. Magda Adelaide Lombardo; Dr. Antônio Miguel Vieira Monteiro,1,São Paulo,,,PT-BR
"MELLO, Juliano Pereira de",Ensaio Cartográfico para determinação da fragilidade ambiental da Bacia Hidrográfica do Rio Verde (SP),2008,M,Prof. Dr. Antônio Carlos Vitte,1,Campinas - SP,,,PT-BR
"MENDES, Iandara Alves",A dinâmica erosiva do escoamento pluvial na bacia do córrego Lafon - Araçatuba (SP),1993,D,Prof. Dr. Adilson Avansi de Abreu,1,São Paulo,,,PT-BR
"MENDES, Iandara Alves Mendes",Estudo geomorfológico na área dos divisores entre as bacias dos rios Paraguaçu e Jequiriçá,1978,Mestrado,,1,,,,PT-BR
"MERCANTE, Mercedes Abid",O processo de reflorestamento em áreas de cerrado e seus efeitos ambientais - O caso de Mato Grosso do Sul,1994,D,Prof. Dr. Adilson Avansi de Abreu,1,São Paulo,,,PT-BR
"MESQUITA, Marisa Vianna","Caracterização do meio físico do bairro Água Azul, Guarulhos - SP, para fins de planejamento e ocupação urbana",1998,M,Prof. Dr. Antônio Roberto Saad,1,Guarulhos,,,PT-BR
"MIDAGLIA, Carmen Lucia Vergueiro",Proposta de implantacão do indice de abrangência espacial de monitoramento-IAEM por meio da analise da evolucão da rede de qualidade das aguas superficiais do Estado de São Paulo,2009,D,Prof. Dr. Reinaldo Paul Perez Machado,1,São Paulo,,,PT-BR
"MORAES, Paulo Borba Leite de",Avaliação e controle no âmbito no processo de planejamento físico-territorial de áreas de proteção ambiental,1992,M,Prof. Dr. Adalberto A . Fischmann,1,São Paulo,,,PT-BR
"MORAES, Paulo Roberto",A Península do Riacho Grande: Uma abordagem geográfica na análise ambiental,1994,M,Prof. Dr. Jurandyr L. Sanches Ross,1,São Paulo,,,PT-BR
"MORAES, Páulo Roberto",As Áreas Tropicais Úmidas e as Febres Hemorr[agicas Virais - Uma Abordagem Geográfica na Área Ambiental e na de Saúde,2007,D,Prof. Dr. José Bueno Conti,1,São Paulo,,,PT-BR
"MOREIRA, Maria Lucidalva Costa",Estudos Multidisciplinares para o diagnóstico ambiental do município de Jaurú - MT,1997,M,Prof. Dr. Nilton Tocicazu Higa,1,Cuiabá,,,PT-BR
"MOROZ, Isabel Cristina",Jardim Colibri - Análise geográfica como subsídio para o planejamento ambiental territorial,2002,M,Prof. Dr. Jurandyr L. S. Ross,1,São Paulo,,,PT-BR
"MOSCA, Andréia Arruda de Oliveira",Caracterização hidrológica de duas microbacias visando a identificação de indicadores hidrológicos para o monitoramento ambiental do manejo e florestas plantadas,2003,M,Prof. Dr. Walter de Paula Lima,1,Piracicaba,,,PT-BR
"MOSCA, Andréia Arruda de Oliveira",Avaliação dos Impactos Ambientais de Plantações de Eucalipto no Cerrado com Base na Análise Comparativa do Ciclo Hidrológico e da Sustentabilidade da Paisagem em duas Bacias de Segunda Ordem,2008,D,Prof. Dr. Jurandyr L. S. Ross,1,São Paulo,,,PT-BR
"MOTA, Sônia Maria de Brito",Análise geoambiental do município de Barretos,1998,D,Prof. Dr. Job Jesus Batista,1,Rio Claro,,,PT-BR
"MUCCIOLI, Carlos",Recuperção de áreas degradadas por mineração de areia,1997,M,Prof. Dr. Felisberto Cavalheiro,1,São Paulo,,,PT-BR
"MUNDIM, Marlene Miranda",Aspectos geomorfológicos da Baixada do Alto Paraguai á Baixada Cuiabana - o Alto Vale do Pari - MT,1982,Mestrado,Prof ª. Drª. Olga Cruz,1,,,,PT-BR
"NAKASHIMA, Myriam da Silveira Reis",Estudo topo-morfológico e de formações superficiais na área de Barueri e arredores - SP,1978,Mestrado,Profª. Drª. Olga Cruz,1,,,,PT-BR
"NAKASHIMA, Myriam da Silveira Reis",Análise dos Processos Erosivos e da Fragilidade Ambiental na Bacia do Rio Keller - PR Volume I e II,1999,D,Prof. Dr. Jurandyr  L. S. Ross,2,São Paulo,,,PT-BR
"NAKASHIMA, Paulo",Estudo das formações superficiais da área de Campinas-Viracopos (SP); suas relações com a evolução geomorfológica e os solos,1973,Mestrado,Prof. Dr. José Pereira de Queiroz Neto,1,,,,PT-BR
"NASCIMENTO, Roselir de Oliveira","Atributos Morfológicos, Químicos, Mineralógicos e Micromorfológicos de um Perfil Laterítico de Domo Estrutural - Distrito Federal",2011,D,Prof. Dr. Silvio Carlos Rodrigues,1,Uberlândia,,,PT-BR
"NERY, Tulius Dias",Dinâmica das Corridas de Detritos no Litoral Norte de São Paulo,2015,D,Profª. Drª. Bianca Carvalho Vieira,1,São Paulo,,,PT-BR
"NETO, Roberto Marques","Estudo evolutivo do sistema morfoclimático e morfotectônico da bacia do Rio Verde (MG), Sudeste do Brasil",2012,D,Prof. Dr. Archimedes Perez Filho,1,Rio Claro,,,PT-BR
"NEVES, Sandra Mara Alves da Silva",Modelagem de um banco de dados geográficos do pantanal de Cáceres/MT: Estudo de caso aplicado ao turismo,2006,D,Profª. Dra. Carla Bernadete Madureira Cruz,1,Rio de Janeiro,,,PT-BR
"NUNES, João Osvaldo Rodrigues",Práxis geográfica e suas conjunções,2014,LD,,1,Presidente Prudente,,,PT-BR
"NUNES, Lucí Hidalgo",Impacto pluvial na serra do Paranapiacaba e Baixada Santista,1990,M,Prof. Dr. Augusto Humberto Vairo Titarelli,2,São Paulo,,,PT-BR
"OLIVATO, Débora","Análise da participação social no contexto da gestão de riscos ambientais na bacia hidrográfica do rio Indaiá, Ubatuba - SP",2013,D,Prof°. Dra. Magda Adelaide Lombardo,1,São Paulo,,,PT-BR
"OLIVEIRA, Fabiano Antonio de",Estudo do aporte sedimentar em suspensão na baía da Babitonga sob a ótica da geomorfologia,2006,D,Prof. Dr. Jurandyr L. S. Ross,2,São Paulo,,,PT-BR
"OLIVEIRA, Ivanilton J. de",Cartografia turística para a fruição do patrimônio natural da Chapada dos Veadeiros,2007,D,Prof. Dr. Marcello Martinelli,1,São Paulo,,,PT-BR
"OLIVEIRA, Livia de",Estudo metodológico e cognitivo do mapa,1977,Livre docência,Profª. Drª. Olga Cruz,1,,,,PT-BR
"OLIVEIRA, Maria Aparecida de",Análise da qualidade ambiental urbana na bacia hidrgráfica do Rio Itaquera no município de São Paulo - Um ensaio metodológico,2006,M,Prof. Dr. Ailton Luchiari,1,São Paulo,,,PT-BR
"OLIVEIRA, Patricia do Prado","Estudo da paisagem para subsídio ao planejamento ambiental e conservação de fragmentos florestais nos Distritos do Parque do Carmo, José Bonifácio e Cidade Tiradentes, Município de São Paulo (SP)",2012,M,Prof. Dr. Yuri Tavares Rocha,1,São Paulo,,,PT-BR
"OLIVEIRA, Raquel Maria de",Fatores ambientais e espécies endêmicas: o uso de sistema de informação geográfica para a conservação da biodversidade no sul da Bahia,1997,M,Prof. Dr. Harold Gordon Fowler,1,Rio Claro,,,PT-BR
"OLIVEIRA, Rodolfo Lopes de Souza","Análise e Caracterização da Dinâmica Geomórfica Erosiva da Área Urbana de Alfenas, Sul de Minas Gerais",2014,M,Prof. Dr. Antonio Carlos Colangelo,1,São Paulo,,,PT-BR
"OSSE, Vera Cristina",Bambu: Cultura e Paisagem,2005,D,Profª. Dra. Maria Assunção Ribeiro Franco,1,São Paulo,,,PT-BR
"PACHECO, Neida Maria dos Santos",Evolução e dinâmica geomorfológica das vertentes na Área da Escarpa entre Taquara e São Francisco de Paula - RS. Estudo experimental dos movimentos coletivos de solo e rocha intenperizada por rastejo,1991,Doutorado,Prof. Dr. Adilson Avansi de Abreu,1,,,,PT-BR
"PACHECO, Neida Maria dos Santos",Evolução e dinâmica geomorfológica das vertentes na área da escarpa entre Taquara e São Franciso de Paula - RS. Estudo Esperimental dos Movimentos coletivos de solo e rocha intemperizada por rastejo,1991,D,Prof. Dr. Adilson Avansi de Abreu,1,São Paulo,,,PT-BR
"PACHECO, Rodrigo da Cunha",Processamento de dados de imagem mutiespectral aplicado à geobotânica por sensoriamento remoto: uma aboradegm para áreas cobertas por Floresta Atlântica da plan[icie costeira,2009,M,Prof. Dr. Adilson Avansi de Abreu,1,São Paulo,,,PT-BR
"PAGANINI, Wanderley da Silva",A história de um rio de contrastes: o Tietê e seus múltiplos usos,2006,LD,,1,São Paulo,,,PT-BR
"PASTORINO, Luiz Américo",Política Nacional de Navegação Interior - Criação de Fundo Fluvial e Taxa Hidroviária,1960,Tese,,1,São Paulo,,,PT-BR
"PAVÃO, Mônica","Estudo da Dinâmica de Urbanização na Bacia do Córrego Bananal Município de São Paulo, através da utilização de técnicas de Sensoriamento Remoto e Geoprocessamento",2005,M,Prof. Dr. Aílton Luchiari,1,São Paulo,,,PT-BR
"PENTEADO, Adriana de Fátima","Mapeamento e Análise Geomorfológicos como Subsídio para identificação e caracterização de terras inundáveis, estudo de caso da bacia hidrográfica do Rio dos Sinos - RS",2011,D,Prof. Dr. Jurandyr Luciano Sanches Ross,1,São Paulo,,,PT-BR
"PEREIRA, Paulo Ricardo Brum",A cartografia ambiental para o município de São Sebastião - SP: Análise e reflexão,2000,M,Prof. Dr. Marcello Martinelli,1,São Paulo,,,PT-BR
"PEREIRA, Ricardo Galeno Fraga de Araújo","Caracterização Geomorfológica e geoespeleológica do carste da Bacia do Rio Una, borda leste da Chapada Diamantina (Município de Itaetê, Estado da Bahia)",1998,M,Prof. Dr. Ivo karmann,1,São Paulo,,,PT-BR
"PIANARO, Antonio",Estudo hidrodinâmico da Bacia do Rio Tagaçaba - município de Guaraqueçaba - PR,1982,Mestrado,Profª. Drª. Olga Cruz,1,,,,PT-BR
"PINTO, Willer Almeida",Uso das Imagens SAR R99B para Mapeamento Geomorfológico do furo do Ariaú no município de Iranduba - AM,2013,D,Prof. Dr. Ailton Luchiari,1,São Paulo,,,PT-BR
"PIRAN, Neide Lourdes",Contribuição ao estudo do clima de Erexim - RS,1982,Mestrado,Prof. Dr. Walter Cecílio Brino,1,,,,PT-BR
"PIRES-NETO, Antônio Golçalves","As abordagens sintético-histórica e analítico-dinâmica, um proposição metodológica ppara a geomorfologia",1991,D,Prof. Dr. Adilson Avansi de Abreu,1,São Paulo,,,PT-BR
"PROVIDELO, Lucas Antônio","Regionalização de Microbacias Hidrográficas e Técnicas de Geoprocessamento e Análise Espacial, Como Possibilidade de Gestão do Território de Tambaú SP",2007,M,Profª. Dra. Magda Adelaide Lombardo,1,Rio Claro - SP,,,PT-BR
"QUEIRÓZ-NETO, José Pereira de",Pedogênese no Planalto Atlântico. Contribuição à interpretação paleogeográfica dos soloas da Mantiqueira Norte Ocidental,1975,LD,,1,São Paulo,,,PT-BR
"QUEVEDO NETO, Pedro de Souza",Paisagens Preferidas e Transformação da Paisagem na área de Transição Urbano - Rural da Grande São Paulo: Capela do Alto,1999,D,Profa. Dra. Magda Adelaide Lombardo,1,São Paulo,,,PT-BR
"REHBEIN, Moises Ortemar","Mapeamento geomorfológico de detalhe aplicado na análise de impactos ambientais urbanos: contribuições ao (re)conhecimento de morfologias, morfogêneses e morfodinâmicas do relevo da bacia hidrográfica do arroio Feijó - RS",2011,D,Prof. Dr. Jurandyr Luciano Sanches Ross,2,São Paulo,,,PT-BR
"REHBEIN, Moises Ortemar",Relatorio para exame de qualificação,2009,D,Prof. Jurandyr Luciano Sanches Ross,1,São Paulo,,,PT-BR
"RIBEIRO, Antônio Giacomial",Paisagem e organização espacial na região de Palmas e Guarapuava,1989,D,Prof. Dr. Augusto N. V. Titorelli,1,São Paulo,,,PT-BR
"RIBEIRO, Sidnei Lopes",Aplicação de Sistema de Informação Geográfica Nacional ao Estudo de Erosão dos Solos por meio de Modelo Eups: Microbacia Hidrográfica do Ribeirão Araquá-SP,2000,M,Prof. Dr. Ailton Luchiari,1,Rio Claro,,,PT-BR
"RIBEIRO, Tauan Fellipe Bandeira","Reflexos do uso da terra na avaliação da poluição hídrica da bacia hidrográfica do Ribeirão das Lavras, Guarulhos - SP",2016,M,Prof. Dr. Reinaldo Romero Vargas,1,Guarulhos,,,PT-BR
"ROCHA, Erica Aparecida Vaz",Avaliação do processo evolutivo e da dinâmica erosiva: um estudo de caso no município de Ipameri-GO,2007,M,Prof. Dr. Silvio Carlos Rodrigues,1,Uberlândia,,,PT-BR
"ROCHA, Kenia N. Diógenes","Relações entre a Vulnerabilidade social e a fragilidade ambiental, no litoral paulista: o caso dos municípios de Ilhabela, São Sebastião, Caraguatatuba e Ubatuba",2011,M,Prof. Dr. Antônio Carlos Vitte,1,Campinas,,,PT-BR
"RODELA, Luciana Graci","Unidades de vegetação e Pastagens Nativas do Pantanal da Nhecolândia, Mato Grosso do Sul",2006,D,Prof. Dr. José Pereira de Queiróz Neto,1,São Paulo,,,PT-BR
"RODRIGUES, Cleide",Geomorfologia Aplicada. Avaliação de experiências e de instrumentos de planejamento físico-territorial e ambiental brasileiros,1997,D,Profa. Dra. Lylian Coltrinari,1,São Paulo,,,PT-BR
"RODRIGUES, Sandra Regina","O uso da terra e a qualidade das águas superificiais da bacia do Rio Sapucaí - Guaçu, no município de Campos do Jordão - SP",1997,M,Prof. Dr. Felisberto Cavalheiro,1,São Paulo,,,PT-BR
"RODRIGUES, Sílvio Carlos",Análise Empírico - Experimental da Fragilidade Relevo - Solo no Cristalino Paulistano: Sub-Bacia do Reservatório Billings,1998,D,Prof. Dr. Jurandyr L. S. Ross,1,São Paulo,,,PT-BR
"ROSA, Eduardo Reis",Técnicas de geoprocessamento aplicadas na análise do uso da terra na município de Pilar do Sul - SP,2006,M,Prof. Dr. Mário de Biasi,1,São Paulo,,,PT-BR
"ROSS,  Jurandyr Luciano Sanches",Geomorfologia e Geografia Aplicadas à Gestão Territorial,2001,LD,,1,São Paulo,,,PT-BR
"ROSS, Jurandyr Luciano Sanches",Estudo e cartografia geomorfológica da Província Serrana - MT,1987,D,Prof. Dr. Adilson Avansi de Abreu,3,São Paulo,,,PT-BR
"ROSS, Jurandyr Luciano Sanches.",A qualidade da água subterrânea no espaço urbano da grande São Paulo,1981,M,Prof. Dr. Adilson Avansi de Abreu,2,São Paulo,,,PT-BR
"ROSSETTI, Renato Pizzi","Evolução da carga orgânica de origem doméstica no rio Paraíba do Sul, no trecho paulista, no período de 1998 - 2007",2009,M,Profª. Dra. Cleide Rodrigues,1,São Paulo,,,PT-BR
"ROSSI, Marcio","Fatores formadores da paisagem litorânea: A bacia do Guaratuba, São Paulo - Brasil",1999,D,Prof. Dr. José Pereira de Queiroz Neto,1,São Paulo,,,PT-BR
"RUBIO, Maurício Fava","Gênese e dinâmica de erosões em margens de reservatórios. Pesquisa & Desenvolvimento no estudo de caso nas UHEs Chavantes e Rosana (rio Parabapanema, SP/PR)",2014,D,Prof. Dra. Cleide Rodrigues,1,São Paulo,,,PT-BR
"RUBIO, Maurício Fava",Leituras geográficas do processo de apropriação do rio Paranapanema para geração de energia hidrelétrica,2008,M,Profª. Dra. Cleide Rodrigues,1,São Paulo,,,PT-BR
"SAADI, Allaoua",Determination de la sensibilitedu milieu en vue de lamenagement para analyse des donnees,1981,D,,1,Janvier,,,PT-BR
"SADOWSKI, Georg Robert","Tectônica da Serra de Cubatão, SP",1974,Doutorado,Profª. Drª. Olga Cruz,1,,,,PT-BR
"SALES, Marta Celina Linhares","Estudo da degradação ambiental em Gilbués-PI. Reavaliando o ""núcleo de desertificação""",1997,M,Prof. Dr. José Bueno Conti,1,São Paulo,,,PT-BR
"SALES, Vanda Carneiro de Claudino",Lagoa do Papicu: natureza e ambiente na cidade de Fortaleza,1993,M,Prof. Dr. José Roberto Tarifa,1,São Paulo,,,PT-BR
"SALOMÃO, Fernando Ximenes de Tavares",Processos Erosivos Lineares em Bauru (SP): Regionalização Cartográfica Aplicada ao Controle Preventivo Urbano e Rural,1994,D,Prof. Dr. José Pereira de Queiroz Neto,1,São Paulo,,,PT-BR
"SANCHEZ, Miguel Cézar",Os municípios de São Pedro e Charqueada: Aspectos de sua Geografia Agrária,1969,D,,1,Rio Claro,,,PT-BR
"SANO, Nara Nanae",Estudo Comparado da getão das visitações nos parques estaduais turísticos do Alto Ribeira (PETAR) e Intervales (PEI),2007,M,Prof. Dr. Luis Antonio Bittar Venturi,1,São Paulo,,,PT-BR
"SANTANA, Andréa Maria Sobreira de",O desenho urbano e a climatologia em Fortaleza,1997,M,Prof. Magda Adelaide Lombardo,1,São Paulo,,,PT-BR
"SANTANA, Claudinei Lopes",Geomorfologia da planície fluvial do rio Ribeira de Iguape entre Sete Barras e Eldorado,2008,M,Prof. Dra Cleide Rodrigues,1,São Paulo,,,PT-BR
"SANTOS, André Henrique Bezerra dos","Condicionantes Estruturais da Drenagem e do Relevo na Cratera de Colônia e entorno, São Paulo - SP",2013,M,Profª. Drª. Déborah de Oliveira,1,São Paulo,,,PT-BR
"SANTOS, Hélio José",Comportamento Morfodinâmico do Meio Físico: Análise das Erosões no Município de Itapevi-SP,2000,D,Prof. Dr. Jurandyr Luciano Sanches Ross,1,São Paulo,,,PT-BR
"SANTOS, Hélio José dos",Urbanização e alterações ambientais em Itapevi e arredores: A contribuição da cartografia geomorfológica,1994,M,Prof. Dr. Adilson Avansi de Abreu,1,São Paulo,,,PT-BR
"SANTOS, Marcos Roberto dos",Arranjos produtivos locais e biodiversidade na Amazônia: perspectivas do APL de Fitoterápicos e Fitocosméticos e resultados das iniciativas de apoio nos municípios de Manaquiri e Barreirinha - AM,2011,Mestrado,Prof.° Dr. Wanderley Messias da Costa,1,São Paulo,,,PT-BR
"SANTOS, Maria Natalina dos",Levantamento das principais características do meio físico do município de Cerquilho (SP) para fins de planejamento territorial,1996,M,Prof. Dr. Antônio Roberto Saad,2,Rio Claro,,,PT-BR
"SANTOS, Michelle Odete dos",Análise de estabilidade de vertentes por meio da utilização dos métodos de Feições mínimas do relevo e Fator de Segurança,2015,M,Prof.° Dr. Antônio Carlos Colângelo,1,São Paulo,,,PT-BR
"SANTOS, Regnaldo Gouveia dos ",Área de Influência Real de Empreendimentos Hidroelétricos do ponto de cista da Geografia: o caso dos rios São Francisco e Nilo.,2015,Doutorado,Prof° Dr. Mário DE Biasi,1,São Paulo,,,PT-BR
"SANTOS, Roberto de Souza",Ocupação do território e modernidade: reestruturação espacial da microregião de Rondonópolis-MT. Uma análise sociedade-natureza,2006,D,Prof. Dr. Archimedes Perez Filho,1,Rio Claro,,,PT-BR
"SAUSEN, Tânia Maria","Modificação na forma do canal do Rio em função da ação antrópica: exemplo, Rio Paraíba do Sul Vol. I e Vol. II",1988,D,Prof. Dr. Adilson A de Abreu,2,São Paulo,,,PT-BR
"SCHUTZER, José Guilherme",Cidade e Meio Ambiente. A apropriação do relevo no desenho ambiental urbano,2004,M,Profª. Dra. Maria Assunção Ribeiro Franco,1,São Paulo,,,PT-BR
"SCHUTZER, José Guilherme",Dispersão urbana e apropriação do relevo na macrometrópole de São Paulo - Lista de ilustrações coloridas selecionadas,2012,Doutorado,,1,São Paulo,,,PT-BR
"SCHUTZER, José Guilherme",Dispersão urbana e apropriação do relevo na macrometrópole de São Paulo,2012,Doutorado,Prof. Dr. Adilson Avansi de Abreu,1,São Paulo,,,PT-BR
"SEABRA, Giovanni de Farias",Do Garimpo aos Ecos do Turismo: O parque Nacional da Chapada Diamantina,1998,D,Prof. Dr. Jurandyr L. S. Ross,1,São Paulo,,,PT-BR
"SEABRA, Giovanni de Farias.",Estudo Geomorfológico da Região Cárstica de Andaraí: Uma contribuição à conservação de cavernas,1991,M,,1,Recife,,,PT-BR
"SETTE, Denise Maria",O holorritmo e as interações trópico-extratrópico na gênese do clima e as paisagens do Mato Grosso,2000,D,Prof. Dr. José Roberto Tarifa,1,São Paulo,,,PT-BR
"SILVA FILHO, Paulo Alves","Estudo de dinamica de paisagens no baixo curso do rio Ipojuca, Pernambuco-Potencial para Sustentabilidade Socioeconomica e cultural da regiao",2010,M,Prof. Dr. Yuri Tavares Rocha,1,Sao Paulo,,,PT-BR
"SILVA, Debora Barbosa da",Avaliacao das unidades ambientais complexas dinamica do sistema hidrografico do rio real Bahia/Sergipe - Brasil,2009,D,Profa. Dra. Aracy Losano Fontes,1,Sao Cristova,,,PT-BR
"SILVA, Débora Barbosa da",Avaliação das Unidades Ambientais Complexas na Dinâmica do Sistema Hidrográfico do Rio Real Bahia/Sergipe - Brasil,2009,D,Profª. Dra. Aracy Losano Fontes,1,Sergipe,,,PT-BR
"SILVA, Dimas Antonio",Zoneamento ambiental de um setor do Parque Estadual da Cantareira e entorno seccionado pela rodovia Fernão Dias(BR 381),2005,D,Prof. Dr. Felisberto Cavalheiro e Prof. Dr. José Bueno Conti,1,São Paulo,,,PT-BR
"SILVA, Jorge J. A. da",Fatores Externos e Internos que alteram a vida do homem e o Ecossistema Manguezal do Rio Jordão,2008,D,Prof. Dr. Andreas Áttila de Wolinsk Miklós,1,São Paulo,,,PT-BR
"SILVA, Josenilson Bernardo da",Avaliação da perda de solo por fluxo superficial utilizando parcelas experimentais: Estudo de caso na bacia do Córrego do Glória em Uberlândia - MG,2006,M,Prof. Dr. Silvio Carlos Rodrigues,1,São Paulo,,,PT-BR
"SILVA, Juliana de Paula",Avaliação da diversidade de padrões de canais fluviais e da geodiversidade na Amazônia - Aplicação e discussão na bacia hidrográfica do Rio Xingu,2014,D,Profa. Dra. Cleide Rodrigues,1,São Paulo,,,PT-BR
"SILVA, Juliana de Paula","Expansão urbana e evolução geomorfológica em remansos de reservatórios: análise comparativa de duas bacias hidrográficas em Guarapiranga, São Paulo",2005,M,Profª. Dra. Cleide Rodrigues,2,São Paulo,,,PT-BR
"SILVA, Juliana de Paula",Avaliação da diversidade de padrões de canais fluviais e da geodiversidade na Amazônia - Aplicação e Discussão na Bacia Hidrográfica do Rio Xingu,2012,D,Profª Drª Cleide Rodrigues,1,São Paulo,,,PT-BR
"SILVA, Laís Coêlho do Nascimento",Estimativa de perda de solos por erosão laminar na bacia hidrográfica do córrego Baguaçu no estado de São Paulo,2015,D,Prof. Dr. Ailton Luchiari,1,São Paulo,,,PT-BR
"SILVA, Laís Coêlho do Nascimento",Estimativa da perda de solos por erosão laminar na bacia hidrográfica do córrego baguaçu no Estado de São Paulo,2015,D,Prof.°Dr. Aílton Luchiari,1,São Paulo,,,PT-BR
"SILVA, Rodrigo Ferreira da",Análise de Magnitude e Frequência Espacial de Movimentos de Massa em Caraguatatuba-SP,2013,Mestrado,Prof.° Dr. Antônio Carlos Colângelo,1,São Paulo,,,PT-BR
"SILVA, Vicente Rocha",Análise Sócio-Ambiental da Bacia do Rio Biguaçu-SC: Subsídios ao Planejamento e Ordenamento Territorial,2007,D,Prof. Dr. Jurandyr Luciano Sanches Ross,2,São Paulo,,,PT-BR
"SILVA, Wanderlei Sergio da",Identificação de unidades Ambientais no município de Atibaia - SP,2000,M,Prof. Dr. Flávio Sammarco Rosa,1,São Paulo,,,PT-BR
"SILVEIRA, Alan",Diagnostico ambiental do setor noroeste síto urbano de Piracicaba(SP): Uma abordagem geografica,2009,M,Prof. Dra. Cenira Maria Lupinacci da Cunha,1,Rio Claro(SP),,,PT-BR
"SILVEIRA, João Dias da",Estudo geográfico dos contrafortes ocidentais da Mantiqueira,1946,D,,1,São Paulo,,,PT-BR
"SILVEIRA, Renée Garófalo",Valoração do impacto ambiental e paisagístico. O trecho sul do rodoanel da Grande São Paulo,2006,M,Prof. Dr. Paulo Renato Mesquita Pellegrino,1,São Paulo,,,PT-BR
"SIMÕES, Silvio Jorge Coelho","Variabilidade, Fragilidade e Dinâmica da Paisagem em área de Transição Urbano - Rural",1996,D,Prof. Dr. Mário Di Biasi,1,São Paulo,,,PT-BR
"SOARES, Fabiana P.",Cartografia Morfológica de Detalhe e Intervenções Antrópicas no Alto Jacareí: Subsídios à Avaliação da Degradação Ambiental do Sistema Cantareira,2008,M,Profa. Dra. Cleide Rodrigues,1,São Paulo,,,PT-BR
"SOBRINHO, José Falcão","O relevo, elemento e âncora, na dinâmica da paisagem do vale, verde e cinza, do Acaraú, no estado do Ceará",2006,D,Prof. Dr. Jurandyr L. S. Ross,2,São Paulo,,,PT-BR
"SOBRINHO, Luiz Martins da Silva","Tipologia e dinâmica das formas de relevo da fachada leste do Rio GRande do Norte, entre o estuário do Rio Potengi e a Lagoa de Guaraíras",1985,Mestrado,Prof. Dr. Adilson Avansi de Abreu,1,,,,PT-BR
SOBRINHO. Edwardo José de Albuquerque,Proposta de um sistema de avaliação geoambiental para rios: Estudo de caso para o córrego das cruzes (Santo Antonio do Aracanguá/SP),2013,Doutorado,Prof.  Dr. Frederico Fábio Mauad,1,São Carlos,,,PT-BR
"SOUSA, Flávio Alves de","A Contribuição dos solos originados sobre granitos e rochas alcalinas na condutividade hidráulica, na recarga do lençol freático e na suscetibilidade erosiva -  Um estudo de caso na alta bacia hidrográfica do rio dos bois em iporá-go.",2013,Doutorado,Prof°. Dr. Sílvio Carlos Rodrigues,1,Uberlândia /  MG,,,PT-BR
"SOUZA, Bernardo Sayão Penna e","Análise Ambiental da Micro Bacia Hidrográfica do Lageado dos porcos e Cartografia do Uso atual e ideal da terra, através do Sensoriamento Remoto",1995,M,Profa. Dra. Dirce Maria A. Suertegaray,2,Porto Alegre,,,PT-BR
"SOUZA, Luiz Humberto de Freitas",Representação gráfica de feições lineares do relevo em meio digital: proposta de aplicaçã de simbologia linear na cartgrafia geomorfológica,2006,M,Prof. Dr. Sílvio Carlos Rodrigues,1,Uberlândia,,,PT-BR
"SOUZA, Marcos Barros de",Geografia Física: Balanço da sua produção em eventos científicos no Brasil,2006,M,Profª. Dra. Sueli Angelo Furlan,1,São Paulo,,,PT-BR
"SPÖRL, Andrea",Planejamento e gestão dos recursos hídricos na região metropolitana de São Paulo: Diagnóstico crítico,2002,M,Prof. Dr. Jurandyr L. S. Ross,1,São Paulo,,,PT-BR
"SPÖRL, Christiane",Metodologia para Elaboração de Modelos de Fragilidade Ambiental Utilizando Redes Neurais,2007,D,Prof Dr. Ailton Luchiari,1,São Paulo,,,PT-BR
"STIPP,  Marcelo Eduardo Freres",A ocupação do solo e a problemática da arenização e do voçorocamento no município de Paranavaí/PR,2006,D,Prof. Dr. José Bueno Conti,1,São Paulo,,,PT-BR
"STIPP, Marcelo Eduardo Freres",Análise dos vendavais em sobreposição à carta de direção e velocidade dos ventos de superfície da cidade de Londrina/Paraná,2001,M,Prof. Dr. José Bueno Conti,2,São Paulo,,,PT-BR
"SUÁREZ, José Martin",Contribuição à Geologia do Extremo Oeste do Estado de São Paulo,1973,Doutorado,,1,Presidente Prudente,,,PT-BR
"TAVARES, Antonio Carlos",A erosão dos solos no contexto da álise ambiental: o exemplo do alto curso do Rio São José dos Dourados,1986,Doutorado,Prof. Dr. Antonio Christofoletti,1,,,,PT-BR
"THOMAZ, Edivaldo Lopes",Processos hidrogeomorfológicos e o uso da terra em ambiente subtropical - Guarapuava-PR,2005,D,Prof. Dr. Jurandyr L. S. Ross,1,São Paulo,,,PT-BR
"THOMAZ, Edivaldo Lopez",Análise Empírica da Fragilidade Potencial da Bacia do Rio Iratim - Guarapuava-PR,1999,M,Prof. Dr. José B. Conti,1,São Paulo,,,PT-BR
"TOLEDANO, Maria Salomé de Albuquerque",Manaus: Urbanização e a Deterioração Ambiental,1997,M,Prof. Dr. Jurandyr  L. S. Ross,1,São Paulo,,,PT-BR
"TOMINAGA, Lidia Keiko","Avaliação de Metodologias de Análise de Risco a Escorregamentos: Aplicação de um Ensaio em Ubatuba, SP (Revisada)",2007,D,Prof. Dr. Jurandyr Luciano Sanches Ross,1,São Paulo,,,PT-BR
"TOMINAGA, Lidía Keiko","Avaliação de Metodologias de Análise de Risco a Escorregamentos: Aplicação de um Ensaio em Ubatuba, SP (Sem Revisão)",2007,D,Prof. Dr. Jurandyr Luciano Sanches Ross,1,São Paulo,,,PT-BR
"TOMINAGA, Lídia Keiko",Análise Morfodinâmica das Vertentes da Serra Juqueriquerê em São Sebastião - SP,2000,M,Prof. Dr. Jurandyr Luciano Sanches Ross,1,São Paulo,,,PT-BR
"UTIMURA, Isabel","Avaliação dos processos erosivos, sedimentológicos e da qualidade de água da bacia hidrográfica do rio Capivari",2005,M,Prof. Dr. Ailton Luchiari,1,São Paulo,,,PT-BR
"VALE, Cláudia Câmara do",Contribuição ao estudo dos Manguezais como indicadores biológicos das alterações geomórficas do Estuário do Rio São Mateus (ES),1999,M,Prof. Dr. Jurandyr L. S. Ross,1,São Paulo,,,PT-BR
"VARAJÃO, César Augusto Chicarino","Estudo Comparativo das jazidas de bauxita do Quadrilátero Ferrífero, MG. Micromorfolia, Geoquímica, Geomorfologia e Sensoriamento Remoto",1988,M,Prof. Dr. Adilson Carvalho,1,São Paulo,,,PT-BR
"VASCONCELOS, Teresa Neide Nunes",Interpretação morfopedológica da Bacia do Rio Tenente Amaral - Jaciara - MT: condição básica para sua caracterização ambiental,1998,M,Prof. Dr. Fernando Ximenes de Tavares Salomão,1,Cuiabá,,,PT-BR
"VENTURI, Luis A. B.",Itapecerica da Serra - Ocupação e uso do território,2001,D,Prof. Dr. Felisberto Cavalheiro,1,São Paulo,,,PT-BR
"VENTURI, Luis A. B.",Oriente Médio: o compartilhamento e a tecnologia revertendo a perspectiva de escassez hídrica e conflitos,2012,Livre Docência,,1,São Paulo,,,PT-BR
"VERLOET, Roberto Jose Hezer Moreia",Condicionantes morfologicos e estruturais na dinâmica fluvial da bacia hidrografica do Rio Benevente-Espirito Santo,2009,M,Prof. Jurandyr Luciano Sanches Ross,1,São Paulo,,,PT-BR
"VIEIRA, Falcão Eurides",Sistema Morfogenético Subtropical e seus Principais Processos,1697,Tese Livre-Doceência,,1,,,,PT-BR
"VIEIRA, Lúcio Salgado",Laterita Hidromórfica,1971,Monografia,,1,Pará,,,PT-BR
"VILELA FILHO, Luis Ribeiro","Urbanização e fragilidade ambiental na Bacia do Córrego Proença, Município de Campinas (SP)",2006,M,Prof. Dr. Antonio Carlos Vitte,1,Campinas,,,PT-BR
"VILLELA, Fernando Nadal Junqueira",Relação rocha-solo-relevo na depressão periferica paulista,2010,D,Prof. Dr. Jurandyr L. S. Ross,1,São Paulo,,,PT-BR
"VITTE, Antônio Carlos",Etchplanação em Juquiá / SP - relações entre o intemperismo químico e as mudanças climáticas no desenvolvimento das formas de relevo em margem cratônica passiva,1998,Doutorado,Profª. Drª. Olga Cruz,1,,,,PT-BR
"VITTE, Antônio Carlos",Etchplanação em Juquiá (SP). Relações entreo intemperismo químico e as mudanças climáticas no desenvolvimento das formas de relevo em margem cratônica  passiva,1998,D,Prof. Dr. Adilson Avansi de Abreu,1,São Paulo,,,PT-BR
"WATANABE, Arlette Scatolini",Um estudo geomorfológico na borda norte da Bacia de São Paulo - Pirituba,1979,M,Prof. Dr. José Pereira de Queirós Neto,1,São Paulo,,,PT-BR
"WERLAND, Mauro Kumpfer",Capacidade de Uso da Terra na Bacia Hidrográfica do Rio Arareau - Rondonópolis/MT,1997,M,Prof. Dr. Flávio S. Rosa,1,São Paulo,,,PT-BR
"WERLE, Hugo J. S.",Bacia do Rio Comandaí - RS: um estudo Geomorfológico,1991,M,Prof. Dr. Adilson A. Abreu,1,São Paulo,,,PT-BR
"WERLE, Hugo José Scheuer",Definição de unidades de fragilidade natural: Uma contribuição ao planejamento ambiental do estado do Mato Grosso,1999,D,Prof. Dr. Adilson Avansi de Abreu,1,São Paulo,,,PT-BR
WOLLMAN. Cássio Arthur ,Zoneamento Agriclimático para a produção de roseiras (Rosaceae spp.) No Rio Grande do Sul,2011,Doutorado,Prof. Dr. Emerson Galvani,1,São Paulo,,,PT-BR
"WOLLMANN, Cássio Arthur",Zoneamento Agroclimático para a Produção de Roseiras (Rosaceae spp.) no Rio Grande do Sul ,2011,D,Prof. Dr. Emerson Galvani,1,São Paulo,,,PT-BR
"YOJO, Eliana Hanae",Aspectos Geomorfológicos da planície costeira de Ubatumirim / SP,1991,M,Prof. Dr. Augusto H. V. Titarelli,1,São Paulo,,,PT-BR
"DE OLIVEIRA, Thomaz Alvisi","A concepção geossistêmica aplicada ao estudo da dinâmica da paisagem na bacia hidrográfica do rio Lourenço Velho, sul do Estado de Minas Gerais - Brasil",2013,D,Adler Guilherme Viadana,1,São Paulo,,,PT-BR
"LUCHIARI, Ailton",Tratamento da Informação Geográfica: estudo sobre a distribuição espacialde categorias socioprofissionais,2013,LD,,1,São Paulo,,,PT-BR